<pages>
    <link>
        <title>7 HABBITS OF HIGHLY EFFECTIVE PEOPLE</title>
        <url>index.php</url>
    </link>
    <link>
        <title>ZERO TO ONE</title>
        <url>index.php</url>undefined
    </link>undefined
    <link>
        <title>ALIBABA</title>
        <url>index.php</url>undefined
    </link>undefined
    <link>
        <title>ELON MUSK</title>
        <url>index.php</url>undefined
    </link>undefined
    <link>
        <title>HOW TO THINK LIKE STEVE JOBS</title>
        <url>index.php</url>undefined
    </link>undefined
    <link>
        <title>$100 STARTUP</title>
        <url>index.php</url>undefined
    </link>undefined
    <link>
        <title>CHANAKYA NEETI</title>
        <url>index.php</url>undefined
    </link>undefined
    <link>
        <title>RICH DAD POOR DAD</title>
        <url>index.php</url>undefined
    </link>undefined
    <link>
        <title>THINK AND GROW RICH</title>
        <url>index.php</url>undefined
    </link>undefined
        
</pages>